,TSM_Ret,SOX_Ret,NetOI_Diff,Open_Gap,Gap_Direction,Intraday_Ret,Intraday_Point,TX_Ret,MA5,MA20,RSI
2024-01-30,-0.002390594179997461,0.010576951877389655,-1056.0,4.0,1,-0.002651202878514468,-48,-0.002430537571721714,18020.6,17654.0,68.68626274745051
2024-01-31,-0.007895803283898816,-0.01568193472807387,-2501.0,-91.0,0,-0.003898640415657309,-70,-0.008944255622232333,18024.0,17672.7,60.08182349503215
2024-02-01,-0.027073473960582344,-0.01376806062130109,-2400.0,36.0,1,0.0016693565726379734,30,0.003676269945539225,18022.2,17694.7,64.69544648137196
2024-02-02,0.0037994738534418097,0.004580067204442403,-1995.0,114.0,1,-0.0008843688394213608,-16,0.005433891940034933,18039.2,17722.95,65.27050610820244
2024-02-05,0.020599494138711268,0.01305545512137413,-2615.0,-76.0,0,0.00432205471385722,78,0.00011058888592972827,18031.4,17747.5,75.18394648829431
2024-02-15,0.013394766616412835,0.021527151821512342,642.0,504.0,1,0.004133457317107247,77,0.03161910073217133,18148.6,17803.6,89.26701570680629
2024-02-16,-0.0018582570056370725,-0.0016024665845936253,2841.0,16.0,1,-0.0026261504494672415,-49,-0.0017693900222266591,18291.4,17862.4,86.99453551912568
2024-02-19,-0.018301812690798905,-0.006696185605582474,-4050.0,46.0,1,-0.0004819148174978152,-9,0.0019836489549654923,18428.4,17917.2,83.79850238257318
2024-02-22,7.983366072927901e-05,-0.002360999055757566,3232.0,195.0,1,0.00010588733597367272,2,0.010484117211502799,18727.8,18114.85,81.12373737373737
2024-02-23,0.029324975508206508,0.04851001580899968,664.0,101.0,1,-0.004063008517877156,-77,0.0012697742566347096,18783.6,18202.15,80.27704485488127
2024-02-26,0.003557555428772638,-0.011277447062087253,1061.0,-6.0,0,0.002957488292479514,56,0.002640195851954058,18842.0,18286.3,80.85787451984635
2024-02-27,0.00853306843347906,0.010441530374615307,2005.0,-13.0,0,-0.004389567298959387,-83,-0.005075347928795324,18864.8,18345.75,74.21671018276763
2024-02-29,-0.009454354420634253,-0.011296926887191088,-2352.0,-59.0,0,0.00836559122376723,158,0.0052335382320596036,18919.6,18403.2,77.882797731569
2024-03-01,0.010076358629873853,0.026652428658104094,-177.0,2.0,1,-0.00036911071103775474,-7,-0.0002636644094690361,18934.0,18457.75,86.37316561844864
2024-03-04,0.039842082404470305,0.0419799964890326,-5115.0,183.0,1,0.008840870938653982,170,0.018445983492659405,19014.2,18528.3,88.64959254947614
2024-03-05,0.03204277205457216,0.010571630692140526,5480.0,48.0,1,0.0013935126509882665,27,0.0038756734041418906,19099.4,18598.0,88.49557522123894
2024-03-06,-0.02408330609801205,-0.02071503906560133,-656.0,-107.0,0,0.011703879312935733,227,0.006170002606256346,19227.8,18673.5,89.24434638720354
2024-03-07,0.04774180893122959,0.023913462680779356,2.0,179.0,1,0.0010660711216025083,21,0.01019948665523289,19376.4,18752.7,86.38268156424581
2024-03-08,0.052493337994882934,0.03304193990042027,-278.0,221.0,1,-0.006998845315859789,-139,0.004151904698486305,19542.4,18838.2,89.06144496961512
2024-03-11,-0.019149958507153262,-0.041107785220779604,-4621.0,-100.0,0,0.0012180887665573326,24,-0.0038475215792529898,19622.6,18927.95,84.34210526315789
2024-03-12,-0.05151995015643687,-0.01372477417741121,-4991.0,-1.0,0,0.01215069525744995,241,0.01209997117110665,19735.8,19026.4,85.81644815256257
2024-03-13,0.03796943395837204,0.020705499979528707,-1552.0,39.0,1,-0.0033566324945418706,-67,-0.0014041424502500845,19819.4,19118.55,87.53799392097264
2024-03-14,-0.015774821996153945,-0.025060394152373943,-1023.0,-30.0,0,0.002108646227651377,42,0.0006020167743150585,19865.4,19211.2,85.95890410958904
2024-03-15,-0.017887886991546736,-0.01767451519037331,534.0,-111.0,0,-0.004954760123803534,-98,-0.010537292790238316,19853.2,19264.35,74.83282674772036
2024-03-18,-0.019089534878888627,-0.005437381188361369,-3100.0,48.0,1,0.00710384124533784,141,0.009533730058612954,19894.0,19328.6,76.79372197309416
2024-03-19,0.0015673308377923102,-2.309189728518858e-05,1294.0,-103.0,0,0.002570371598868067,51,-0.0026139863072104047,19876.4,19388.4,78.73563218390805
2024-03-20,-0.013038478297954991,-0.009459014399821448,-572.0,-7.0,0,-0.0057060775418539995,-113,-0.006058482710753921,19840.4,19438.1,72.17490062464509
2024-03-21,0.013843040153122337,0.015866072148754608,6188.0,301.0,1,0.010716514545661705,216,0.025844331624201588,19905.4,19516.7,78.66256049274087
2024-03-22,0.01955193868909674,0.022652016822299503,8920.0,-38.0,0,0.0007907482867306839,16,-0.0010862589326646988,20007.8,19584.35,73.8928939237899
2024-03-25,0.007785711750182747,0.0021170179216929656,-9574.0,14.0,1,-0.0012349644664889409,-25,-0.0005435722714327001,20070.2,19650.25,72.41746538871139
2024-03-26,-0.002207935508992637,-0.0034224439641068866,256.0,49.0,1,-0.0045963458486917835,-93,-0.0021772486209860535,20134.2,19711.45,68.81243063263041
2024-03-27,-0.009961946415663243,-0.00813077391173145,-1290.0,-2.0,0,0.003758101639110003,76,0.0036590230697235043,20237.0,19781.15,66.46778042959427
2024-03-28,-0.015606363584792258,0.00985880628928394,3136.0,-23.0,0,-0.0017309170761626975,-35,-0.0028667477126087674,20224.8,19843.0,62.46973365617433
2024-03-29,-0.00469330283961336,0.0010728567500564732,-2389.0,23.0,1,0.002666273243003688,54,0.0038040704915769203,20232.4,19908.95,67.09013914095584
2024-04-03,-0.009016463479393454,-0.015262729159068117,4975.0,-153.0,0,-0.0010314596066622707,-21,-0.008514437814918521,20328.6,20056.35,61.452513966480446
2024-04-08,0.012099078086610718,0.013171729516833574,-10778.0,55.0,1,0.002251922428130566,46,0.004951111856758605,20378.0,20093.4,71.40309155766944
2024-04-09,0.010065080484775356,0.0012981993448682424,1612.0,88.0,1,0.016227536621756754,336,0.0205214829090492,20496.8,20147.55,74.90871152842985
2024-04-10,0.018113463727137298,0.009368670855805152,11018.0,-52.0,0,0.0013917886728224851,29,-0.0011024566724763052,20609.4,20204.35,76.0593220338983
2024-04-11,0.005624070786181953,-0.01665676169602447,-6874.0,-145.0,0,0.002267301195601844,47,-0.004711094185860374,20655.4,20244.25,76.95605573419078
2024-04-12,0.006679702211540662,0.023930886699980065,-11254.0,-8.0,0,0.0004819277201708726,10,9.636696547877597e-05,20736.6,20285.65,68.17172464840858
2024-04-15,-0.03230984253564656,-0.033432456480112324,955.0,-211.0,0,-0.0017538735860965701,-36,-0.011972127583547877,20748.2,20314.1,58.43908629441625
2024-04-16,-0.016840535057232816,-0.013996123638368609,-5794.0,-230.0,0,-0.01615704655999426,-325,-0.027435545951060403,20564.0,20325.25,43.443396226415096
2024-04-17,-0.0024289665672317198,0.008815231302096342,-583.0,26.0,1,0.010258032387092305,206,0.01156024633451043,20430.8,20338.55,49.95667244367417
2024-04-18,-0.005523186981756997,-0.03299661293134267,434.0,-115.0,0,0.01424779222190123,288,0.008534200725243891,20351.8,20363.1,52.01495637723307
2024-04-19,-0.049844232786572386,-0.01669095610604007,3252.0,-518.0,0,-0.014929439940082681,-294,-0.04070329311350409,20110.0,20353.05,39.6077190762417
2024-04-22,-0.035161653817439346,-0.04202201747565561,-5077.0,74.0,1,-0.004904976112315931,-96,-0.0011261838917430028,19913.2,20316.05,37.83000643915003
2024-04-23,0.015925756273637456,0.01727551727025652,3377.0,127.0,1,0.0013222133740779592,26,0.007805962954807087,19858.0,20287.8,40.60289141802523
2024-04-24,0.02796744674070598,0.0218681431218824,3895.0,253.0,1,0.011970217741417035,240,0.024745910986412253,19855.0,20284.75,44.970076944998574
2024-04-25,-0.0034534976473403482,0.010527668720365023,-828.0,-230.0,0,-0.0027620858740383418,-55,-0.014230673306466471,19760.4,20269.65,43.591160220994475
2024-04-26,0.02678701375210261,0.019437765254328672,-3827.0,241.0,1,0.0025803904750460655,52,0.014627223326533647,19886.8,20265.5,46.43231899265477
2024-04-29,0.012514591743375542,0.025722435281560277,3272.0,172.0,1,0.009877347918978497,202,0.01836535782139483,20092.4,20282.95,45.720361509835186
2024-04-30,0.001445177718020751,0.006420344743699629,-1153.0,-34.0,0,-0.005130596874073957,-105,-0.006786307016135435,20239.6,20289.6,44.3527591542032
2024-05-02,-0.017628982803144004,-0.03608277071378351,1306.0,-163.0,0,0.0020226444329390202,41,-0.005994514805959824,20263.8,20289.75,44.07995899538699
2024-05-03,0.009514274412449354,0.021436044628926534,-3806.0,257.0,1,-0.008111454198519556,-166,0.0044747204210146465,20363.2,20282.7,45.32698571786519
2024-05-06,0.038378926982401494,0.02378256545244486,-1916.0,303.0,1,-0.0040206414518731744,-83,0.010736000054999728,20448.0,20295.35,51.18567103935418
2024-05-07,0.008931385834002438,0.021866067398381227,699.0,131.0,1,-0.00401131437032519,-83,0.0023271609455401436,20467.6,20305.35,60.080995082441426
2024-05-08,-0.012115153708041186,-0.0074064034886410736,-467.0,-32.0,0,0.005176220347165779,107,0.0036253816143168366,20530.0,20297.9,58.18181818181818
2024-05-09,0.017491681967480396,0.0011487940253317715,3622.0,-18.0,0,-0.0045983768919099005,-95,-0.005467270555380831,20594.2,20285.95,53.91975308641976
2024-05-10,-0.005656528908770135,-0.00641036390308257,-1613.0,126.0,1,0.0034178192945560127,71,0.009512154964664789,20679.6,20288.75,74.05714285714285
2024-05-13,0.044314758146571404,0.010088040278160062,2347.0,133.0,1,-0.002821281010631188,-59,0.0035498454239965374,20735.8,20295.15,75.38289129622711
2024-05-14,-0.019278760826081463,0.003127376971438656,352.0,9.0,1,0.005774983237481515,121,0.006205862956894648,20808.4,20320.4,75.16955538809344
2024-05-15,0.03714037987677022,0.016622191213837255,4473.0,171.0,1,-0.0019372983118660235,-41,0.006167587631198092,20892.0,20379.9,71.2352684417285
2024-05-16,0.02360873659367625,0.028376566134651105,6563.0,322.0,1,-0.004435632345467686,-95,0.010679187888324431,21043.6,20439.15,83.2512315270936
2024-05-17,-0.021767605218506365,-0.0054737449102436825,-5007.0,-67.0,0,0.0015478790116468164,33,-0.0015922824513431454,21149.0,20488.05,79.33130699088146
2024-05-20,-0.0036194409788405085,-0.006903644682255396,-1160.0,99.0,1,-0.006224135028966456,-133,-0.0015948218587391479,21232.8,20575.85,72.94981640146878
2024-05-21,0.012253183773768045,0.021310472804805566,394.0,22.0,1,-0.0022065218689338896,-47,-0.0011742879293932416,21285.6,20663.5,78.42105263157895
2024-05-22,0.000781146527261107,-0.0031383375693129567,1019.0,16.0,1,0.01352758757257188,290,0.014279290685252572,21373.6,20758.8,87.91079812206573
2024-05-23,0.016009634615407876,0.010275372742302332,2572.0,47.0,1,-0.0012027572343226796,-26,0.000972514953811232,21420.4,20830.5,87.39290085679315
2024-05-24,0.006001932953424862,-0.00016192238866707305,-3062.0,-156.0,0,0.005440229166148189,117,-0.0018068526308382632,21466.2,20914.5,83.13833448038541
2024-05-27,0.018354918401248362,0.01835189416577559,323.0,105.0,1,0.009415616695410496,205,0.014272802143871674,21580.8,20999.35,85.71428571428571
2024-05-30,-0.03232179662653279,-0.018705777747687034,-895.0,-210.0,0,-0.005640646146895375,-121,-0.015355299038176114,21701.4,21189.9,64.75659229208925
2024-05-31,-0.008981516635729627,-0.008864086107045928,1053.0,114.0,1,-0.01028286695558392,-220,-0.00496767353955249,21645.4,21235.05,60.029940119760475
2024-06-03,-0.012631614499430864,-0.009692558295494326,353.0,184.0,1,0.00858016070127871,185,0.01718759560859086,21601.2,21287.65,64.28889879625501
2024-06-04,0.025557775549544665,0.0056734819703101015,-2640.0,-94.0,0,-0.011194146743152587,-240,-0.015544595591062757,21474.4,21321.15,53.616673477727836
2024-06-05,-0.016134726297214737,-0.007058267351054397,-2390.0,30.0,1,0.005278782724894055,113,0.006684923101883798,21422.6,21358.05,51.96783749471012
2024-06-06,0.06629140311178527,0.04419226901034387,2643.0,362.0,1,0.002288330518012216,50,0.019013909844150464,21519.4,21421.2,59.83217803721269
2024-06-07,-0.005230861858815205,-0.008594146139767552,5918.0,-36.0,0,0.0026522788549697687,58,0.001005208893926808,21641.8,21475.6,60.90142909490656
2024-06-11,0.022674337498782754,0.014115202935342188,-78.0,23.0,1,-0.005581239612694896,-122,-0.004531418670485093,21670.6,21521.35,59.29361398501605
2024-06-12,-0.014676689571157277,0.0005555633327822322,-5244.0,31.0,1,0.00989181854889838,217,0.011312957074003873,21815.8,21573.0,58.43351548269582
2024-06-13,0.042936749563424505,0.028568296608886722,4711.0,262.0,1,0.0006721785559266675,15,0.012486357542110244,21987.8,21632.0,61.97934021992669
2024-06-14,0.0027450133541834423,0.014663155514562508,-2179.0,-49.0,0,0.010583999661117897,237,0.008386541548792594,22115.0,21689.05,65.01587301587301
2024-06-17,-0.0023160959748697407,-0.0007338563598733858,463.0,-81.0,0,0.002093215630573177,47,-0.0015115144693362151,22231.0,21746.1,60.473208072373005
2024-06-18,0.02704975570544518,0.015911513440254103,-337.0,249.0,1,0.0026366687801067552,60,0.013653748113233855,22428.6,21820.3,63.402061855670105
2024-06-19,0.013728375088133314,0.013449698708970963,254.0,170.0,1,0.011649944453786018,269,0.019082972423978228,22664.4,21917.7,72.69707037148898
2024-06-24,-0.008129518373045748,-0.01282152511251883,1342.0,-160.0,0,-0.01327646368040473,-304,-0.020193914524092887,23069.0,22146.8,66.59574468085106
2024-06-25,-0.03599307497451217,-0.03062000906534437,-999.0,-138.0,0,0.00595357980010486,135,-0.00013190001997619296,23060.4,22190.2,74.04528556944913
2024-06-26,0.028144486160682547,0.017739839441119166,-1966.0,63.0,1,0.0028897957848440597,66,0.0056560492777341966,22989.8,22236.1,73.92190152801359
2024-06-27,-0.003075392580512807,-0.0028095916200979744,-2539.0,-258.0,0,0.007884287763947286,179,-0.0034599837430100023,22872.8,22289.65,67.57274119448698
2024-06-28,-0.002560455186026073,-0.005744300508663743,1250.0,115.0,1,0.0032686176711827475,75,0.008301340925792886,22827.4,22369.25,69.53237410071942
2024-07-01,0.012621658022775576,0.009394777560990625,-2107.0,-23.0,0,0.0013492635504336163,31,0.0003480227990058075,22876.4,22454.55,72.18296764596505
2024-07-02,-0.008551327598804193,0.0008932238709065971,565.0,-153.0,0,-0.0003065536821396996,-7,-0.006983573404482809,22894.0,22513.4,65.09034986543637
2024-07-03,0.019366629502149284,0.012309984789477323,969.0,242.0,1,0.0048424151003977805,112,0.01538625624610745,22956.6,22606.65,66.0941000746826
2024-07-04,0.037917394011368045,0.019065101981081124,-485.0,302.0,1,0.005816067847734686,137,0.018757626598197363,23122.8,22714.7,68.9996585865483
2024-07-09,0.014246671551386201,0.01906982649130276,-166.0,32.0,1,-0.0028020008713761048,-67,-0.0014647111906992405,23634.0,23004.25,62.65994571539356
2024-07-10,-0.011370235312229427,-1.6938903070207914e-06,-5353.0,-119.0,0,0.010092424281294374,241,0.00509629742474902,23797.0,23101.95,62.20565149136577
2024-07-11,0.03477732267671224,0.023881674041308403,1157.0,251.0,1,0.004771904237947335,116,0.01517592753666957,23945.6,23204.15,71.05933745904623
2024-07-12,-0.034885679137167246,-0.03531500179342111,-1621.0,-329.0,0,-0.009614252879915783,-230,-0.023208099233933813,23993.2,23269.0,68.68402533427164
2024-07-15,0.015329108787503928,0.01316459480124691,-5080.0,283.0,1,-0.009928331178181288,-238,0.0018883369367748062,23981.2,23337.8,69.24410540915395
2024-07-16,-0.01143439320888462,0.0004362574924944795,4111.0,-23.0,0,0.007191869098598876,172,0.006227164621793455,24006.0,23398.6,69.45592286501378
2024-07-17,0.004417411688226661,0.004545063195071477,-916.0,-22.0,0,-0.012631570204993076,-301,-0.013548580814874533,23941.8,23421.3,64.07242693773824
2024-07-18,-0.08312918530737466,-0.07054185695796332,2292.0,-385.0,0,0.003813445930796074,89,-0.012579316783118879,23745.0,23421.55,56.146281499692684
2024-07-19,0.003905969527267782,0.00511013174339268,-8191.0,-235.0,0,-0.010378537260381421,-239,-0.02047941616004525,23565.2,23406.5,48.897849462365585
2024-07-22,-0.0361371807723521,-0.03162939409778915,5796.0,-50.0,0,-0.021221893744893406,-480,-0.023406827318193223,23270.4,23388.15,44.474327628361856
2024-07-23,0.021366369819524434,0.03921770386858971,-3002.0,221.0,1,0.010125554263464058,230,0.019952441408686468,23036.0,23392.5,45.760687843324575
2024-07-26,0.0029991532702234513,-0.01983843959713736,7414.0,-802.0,0,0.003036967182468298,67,-0.032724121959000894,22719.2,23353.65,32.94668748605844
2024-07-29,0.010303600591733785,0.019344743066216245,-4586.0,335.0,1,-0.007563080063924925,-169,0.007484929885488735,22494.8,23327.05,35.75625680087052
2024-07-30,-0.011989553863160418,-0.0030438932561783517,1114.0,-328.0,0,0.014169865190548922,313,-0.0006740512983545162,22362.2,23290.2,30.466369814858226
2024-07-31,-0.03478339482164346,-0.03958720285502879,-2736.0,-196.0,0,0.010825545504922545,240,0.0019759302279399793,22344.4,23255.15,31.43124415341441
2024-08-01,0.07032942675916677,0.06779619959066609,1904.0,431.0,1,-0.002997313479468052,-68,0.01615414609162075,22309.0,23246.25,35.08966127961037
2024-08-02,-0.047048620970315924,-0.0740651174227377,-4213.0,-653.0,0,-0.021455811233844924,-467,-0.05070565136492729,22196.6,23163.65,23.111954459203034
2024-08-05,-0.05403209630591084,-0.05321225222228827,-3758.0,-821.0,0,-0.06678128144504333,-1338,-0.10565468112027783,21619.2,22951.15,17.729257641921407
2024-08-06,-0.012827266453354958,-0.019351439598177877,5654.0,1021.0,1,0.0012250399669977066,25,0.05258285173232627,21254.0,22793.65,28.192097573370603
2024-08-07,0.04906372944507062,0.010590948098039149,3921.0,80.0,1,0.030316270440427673,631,0.034226343848270634,21022.2,22654.55,32.977588046958374
2024-08-08,-0.0022549342113384226,-0.031424048994510304,3593.0,-451.0,0,0.0007733952434996876,16,-0.020800711701062107,20630.8,22495.45,32.54534815681686
2024-08-09,0.05953129833533743,0.06637001977193224,123.0,609.0,1,0.008227036539964275,176,0.03722837860811162,20620.4,22369.5,39.47310161611689
2024-08-12,0.015497642742260983,-0.004356097257340909,-197.0,169.0,1,0.0012463361642875794,27,0.009082967120946753,21081.0,22235.0,42.96482412060301
2024-08-13,0.003047172561875551,0.007271511397840803,-2706.0,171.0,1,-0.0036224447526046924,-79,0.004235148806012648,21350.8,22133.05,46.33325318586199
2024-08-14,0.027709906130587797,0.040990163838917446,-1182.0,335.0,1,-0.005716634596383095,-126,0.009555013605933088,21520.2,22039.3,44.725111441307575
2024-08-15,-0.013847191704377029,-0.001814554825542474,2685.0,15.0,1,-0.00698107003285494,-153,-0.006298802148027987,21749.0,21931.2,48.295226634576814
2024-08-16,0.023203472786486653,0.047507933743065264,57.0,484.0,1,0.0019243254019458928,43,0.023843507451428735,21926.2,21865.6,50.67602040816327
2024-08-19,0.0033284365698428367,-0.0006051807621666413,-1800.0,33.0,1,-0.0017425888549853768,-39,-0.0002682883221243891,22063.0,21814.5,50.73426126931427
2024-08-20,0.005200259149894216,0.018458220138538484,297.0,194.0,1,-0.005289959214268802,-119,0.0033484416400818185,22196.4,21790.85,50.928516916815056
2024-08-21,-0.019627249138175273,-0.013432467113821421,-983.0,-125.0,0,-0.004987541511039051,-111,-0.010574522767856696,22240.8,21781.9,47.07175177763413
2024-08-22,-0.003493496093592218,0.013690733110320765,-1363.0,29.0,1,-0.005820134185065575,-129,-0.004514680354526583,22292.8,21745.4,54.221891288160826
2024-08-23,-0.029598392925106996,-0.03496894088751612,3911.0,-158.0,0,0.008486357118429738,187,0.001311356990021792,22245.2,21747.1,80.04362050163577
2024-08-26,0.028664656346514664,0.02748451138618769,-1770.0,101.0,1,-0.0010802053440313413,-24,0.003473557118344878,22214.2,21744.35,74.69579646017698
2024-08-27,-0.012986746333461316,-0.02543228388191338,-2129.0,-94.0,0,0.001536445690657203,34,-0.0027056293561574197,22156.2,21739.35,67.11635750421584
2024-08-28,0.00871568014657083,0.010980482010130986,-513.0,35.0,1,0.009869534153021955,220,0.011448707445757742,22196.4,21744.9,80.61041292639138
2024-08-29,-0.007947061935343802,-0.018421763435078932,259.0,-463.0,0,0.010790330018350312,238,-0.010094977714181618,22211.6,21721.05,65.61797752808988
2024-08-30,-0.00029572242289851606,-0.0060086669509528895,272.0,144.0,1,0.00013439957012378374,3,0.006606914075741112,22250.4,21760.55,64.84375
2024-09-02,0.014962915968943951,0.025436969470703702,-2583.0,-5.0,0,-0.004085761660879967,-91,-0.004309770980604297,22254.6,21903.2,60.5045871559633
2024-09-05,0.002364880109976042,0.0024869444204154247,-898.0,363.0,1,-0.005977472908206307,-127,0.011203535178690462,21750.0,22000.85,29.021970233876672
2024-09-06,0.017438903817375808,-0.005976969088408443,5248.0,28.0,1,0.005078778845325616,108,0.006399720680085617,21549.2,21992.75,32.35094850948509
2024-09-09,-0.042936644964578774,-0.046218563732431446,-1862.0,-585.0,0,0.016217735314155466,339,-0.011606093667329242,21318.4,21962.55,28.178033941722703
2024-09-10,0.03730086309199587,0.021315985210032674,-566.0,160.0,1,-0.011034137476233656,-233,-0.0034701624916527547,21104.4,21924.1,29.729729729729726
2024-09-11,-0.002152548666300713,0.011796286436392054,1132.0,100.0,1,-0.0045125358606754465,-95,0.00023806689792229752,21116.0,21875.45,30.890052356020945
2024-09-12,0.04690350510150563,0.04786730312915389,-762.0,592.0,1,0.005264628396824842,114,0.03305853993075503,21221.6,21869.0,44.09937888198758
2024-09-13,0.010708533534373232,-0.0023917733958445445,-2643.0,89.0,1,0.0009170106098814064,20,0.005007935852824344,21321.8,21841.65,44.59988808058198
2024-09-16,0.006222198914423688,0.016611551710867072,-1410.0,-13.0,0,0.00027510316542134406,6,-0.0003208580688952413,21469.8,21814.25,45.27122976427152
2024-09-18,-0.010284659092645516,0.0003380299309966161,-496.0,-83.0,0,-0.005121236596010907,-111,-0.008933564663702157,21593.6,21773.4,38.699421965317924
2024-09-19,-0.0004182612881069671,-0.010809224080669115,1799.0,144.0,1,0.014189165218762309,311,0.020827887678364874,21807.4,21767.1,48.617886178861795
2024-09-20,0.052064123163301015,0.04178748568681581,213.0,271.0,1,-0.005609798173930922,-125,0.006592338860791589,21909.2,21773.1,48.60395771211711
2024-09-23,-0.01221830445768657,-0.013229906349992777,-1681.0,71.0,1,0.002106254559839568,47,0.005296479907151018,22012.8,21783.55,51.495553759094584
2024-09-24,0.003898658447124606,0.005136722562486632,-3917.0,-40.0,0,0.008618240843654958,193,0.006825965070399891,22148.4,21797.8,55.67844618289722
2024-09-25,0.04042827045348522,0.013040785896871446,4113.0,344.0,1,-0.0018848494413550663,-43,0.013294368006572556,22383.0,21830.1,81.97573656845753
2024-09-26,0.0020861810555300735,0.007969337905165986,-2541.0,242.0,1,-0.0033484843532813713,-77,0.007213303697826974,22559.6,21857.9,81.52096659559346
2024-09-27,0.024271043713381738,0.03408922233422292,-2791.0,233.0,1,-0.013283174861157937,-306,-0.0031849244871519178,22692.4,21893.3,78.44420210832425
2024-09-30,-0.048584066715393386,-0.01771938681476294,844.0,-185.0,0,-0.01656895206102451,-373,-0.024686057813741877,22690.0,21893.45,70.45380346065949
2024-10-01,-0.02445805043452611,-0.008502204998388408,-965.0,-80.0,0,0.006496875239364047,145,0.0029071738166609813,22670.0,21901.65,72.7659574468085
2024-10-04,0.02071672670806647,0.0050877891896005615,-2277.0,-60.0,0,-0.0021069154941811123,-47,-0.00479016025063251,22568.4,21912.35,70.25657269559709
2024-10-07,0.00931694098256064,0.015801623660601526,2479.0,286.0,1,0.009217468069761951,209,0.02197012674063743,22532.8,22003.95,68.12627291242363
2024-10-08,0.018322959164424446,-0.0019301018717710814,-5146.0,-173.0,0,-0.001372258465490213,-31,-0.008995959596157316,22471.0,22073.55,62.4136797106215
2024-10-09,0.008311842686503397,0.013247055221731202,1056.0,195.0,1,-0.0029908537425005987,-68,0.0056099270300986,22546.2,22142.7,64.06200569440051
2024-10-11,-0.007293772028333386,-0.0052676050130682096,640.0,127.0,1,0.0036291332107599925,83,0.00920776444508751,22650.4,22234.65,70.34938621340888
2024-10-14,0.026715006403291598,0.0079022941039183,-1399.0,75.0,1,0.0009131427963561357,21,0.0041811907604011106,22795.2,22335.05,66.57203690560681
2024-10-15,0.007310274828728772,0.0178809889207032,2778.0,160.0,1,0.0024572684965963503,57,0.009387303161265936,22884.4,22446.05,67.39356178608514
2024-10-16,-0.026784896822182516,-0.05427986492446778,22.0,-273.0,0,0.004824523103472044,111,-0.006999682917366636,22982.0,22513.65,62.359359018070236
2024-10-17,0.0018686105338547008,0.0020677281719189955,6732.0,79.0,1,0.004914014802429163,114,0.008333561474039254,23092.8,22585.45,62.86579212916246
2024-10-18,0.09342694822277842,0.009449303936645887,-2099.0,564.0,1,-0.006866509696883788,-163,0.017095890973695432,23241.8,22677.65,64.0741945981126
2024-10-21,-0.02488941837631668,0.0007317586423396904,5657.0,153.0,1,-0.01025823209281329,-243,-0.003811625824312204,23353.6,22775.05,60.173448965977315
2024-10-22,0.005810345740453658,0.0012643806697767072,-4820.0,-7.0,0,0.0030936816147630352,73,0.0027966119921910663,23435.2,22853.0,62.52089602139753
2024-10-23,-0.017331710175067953,-0.004708866770966675,-1326.0,-135.0,0,-0.003922911392806347,-92,-0.00965164064557459,23503.8,22912.3,70.30075187969925
2024-10-24,0.011919746608121283,-0.01149777894016877,-1190.0,-23.0,0,-0.0033842429541227,-79,-0.004367380095440952,23513.4,22960.6,66.92621431219874
2024-10-25,-0.01469473149428979,0.005100564493424222,584.0,-34.0,0,0.009026606176610353,211,0.007566563833677311,23478.2,23010.1,71.62992410552945
2024-10-28,0.027457796737713546,0.010649642070008646,-1981.0,169.0,1,-0.013794496669083839,-324,-0.006622965221952654,23430.0,23036.8,61.26905644829007
2024-10-29,-0.044013965964706844,-0.00022258261879036,-2850.0,-189.0,0,-0.006982874859731447,-161,-0.015118425403044415,23298.6,23037.75,57.79246016323358
2024-10-30,0.011541960180592753,0.022857943285564626,-532.0,96.0,1,-0.007308193306724641,-168,-0.003138625069999703,23198.2,23038.75,54.01111993645751
2024-11-01,-0.020467152481377256,-0.04094340525246868,2099.0,-507.0,0,0.015769983514656055,356,-0.0066145629608241425,23088.0,23060.1,46.76697844652298
2024-11-04,0.012568893870783233,0.010993111399681914,-501.0,14.0,1,0.011963118573709538,274,0.01257823282860512,23000.0,23092.6,50.62240663900415
2024-11-05,-0.007229980698607282,-0.005499561308881243,159.0,-233.0,0,0.014235270748592144,327,0.004071384695367869,22961.8,23135.15,48.21993670886076
2024-11-06,0.021688344702520637,0.016713207625496995,-2189.0,115.0,1,0.00317774132654428,74,0.008136251000946728,23031.4,23162.4,55.10763209393346
2024-11-07,-0.013060031843686218,0.030710795865910887,-3319.0,-141.0,0,0.014941945549452995,349,0.008878323642299988,23157.0,23210.25,55.369649805447466
2024-11-08,0.04042036461545941,0.02245124605969157,-1321.0,240.0,1,0.0003785250187143803,9,0.010525745520919038,23362.6,23264.2,52.56410256410256
2024-11-11,4.96567630570952e-05,-0.008183051524609214,3118.0,-226.0,0,0.000763877137806075,18,-0.008784953233318007,23469.0,23297.25,50.118296529968454
2024-11-12,-0.036183503305811264,-0.02567979464586201,-8870.0,-560.0,0,-0.006276991971022496,-144,-0.03031970761556408,23415.8,23290.3,37.96471329552615
2024-11-13,-0.011819136708765094,-0.009303498020875024,2193.0,-114.0,0,0.0012297423483078464,28,-0.0037676378573333683,23307.6,23268.2,39.72964061984834
2024-11-14,-0.027007907724155577,-0.02023812112318518,4711.0,3.0,1,-0.004486482124142492,-102,-0.0043548136651314715,23138.0,23249.25,39.76897689768977
2024-11-15,0.009809275805784723,-0.0003396695093237507,-2454.0,26.0,1,0.002155315444309502,49,0.0033008414099950528,22933.6,23224.4,37.67076502732241
2024-11-18,-0.013297786921189029,-0.034766029637570604,2064.0,-105.0,0,-0.0035376352450872967,-80,-0.008161870028341917,22733.8,23170.25,37.288708586883025
2024-11-19,0.007871887337409733,0.011351311628770738,-1399.0,67.0,1,0.009188695369372758,209,0.012152315806779205,22730.0,23134.4,47.81553398058252
2024-11-20,0.011613432241774578,0.006197073884477952,5214.0,97.0,1,-0.0076115853050978425,-174,-0.003375493637472883,22728.0,23091.4,47.73277950848044
2024-11-21,-0.006930645886954684,-0.007122073494527473,-516.0,-126.0,0,-0.003272891024156819,-74,-0.008821121901300187,22705.8,23049.75,46.93669162695711
2024-11-22,0.015174256471419819,0.016004689263308673,-1822.0,238.0,1,0.00990215074811303,227,0.020390524702873995,22761.6,23036.45,49.95184590690208
2024-11-25,-0.006084179932836398,-0.0014618633363043115,5505.0,216.0,1,-0.008117488442669478,-188,0.001214645299432268,22860.0,23015.7,48.868481469334206
2024-11-26,-0.026656787874018907,0.006460405117336774,-8141.0,-356.0,0,-0.003263796837189688,-74,-0.01881811252346954,22817.2,22981.2,39.544072948328264
2024-11-27,-0.006722399891423718,-0.012175025112195304,-2119.0,-36.0,0,-0.011257822415991223,-253,-0.012849475418028411,22732.0,22949.75,32.423613171165826
2024-11-28,-0.014519694531965254,-0.015244865714484182,3124.0,-45.0,0,0.0015681358082495803,35,-0.0004475875108291561,22684.8,22921.4,26.94763729246489
2024-12-03,0.05140164608854092,0.025800131725610905,-1922.0,325.0,1,-0.0017292067251939288,-40,0.012407917301438823,22587.2,22887.55,55.56307067974298
2024-12-04,0.022833984848661525,-0.0038568305515504033,-1326.0,88.0,1,0.00404353800819579,94,0.007843853516526009,22776.6,22886.05,60.03289473684211
2024-12-05,0.009009598456068073,0.016917704130400807,48.0,-34.0,0,-0.0003870052294007973,-9,-0.0018476748193425741,22959.4,22872.0,58.178191489361694
2024-12-06,0.01782802649250812,-0.018803916018961784,579.0,70.0,1,-0.006107545867015231,-142,-0.003101445518577509,23132.6,22841.9,60.44905008635578
2024-12-09,-0.006285020750019059,0.006925251791571331,2025.0,14.0,1,0.0024116113492407983,56,0.003015424013148212,23217.0,22825.7,57.41911491260692
2024-12-10,-0.019145765252525877,-0.008424528536875371,-1395.0,-21.0,0,-0.005958824143399464,-138,-0.006862496989284208,23212.6,22836.75,55.71995669433418
2024-12-11,-0.036975924961438304,-0.025045773192010404,188.0,-203.0,0,-0.0017054776190281098,-39,-0.01053603720923016,23123.4,22840.0,54.88801990757199
2024-12-12,0.013763378892311521,0.026829446863315346,-2578.0,156.0,1,0.004467488074861423,103,0.01127201576919529,23094.6,22861.15,51.32336018411968
2024-12-13,-0.013096716375505975,-0.00911293219653821,553.0,-111.0,0,-0.0004349528144775834,-10,-0.0052502669798023035,23056.0,22872.5,48.51851851851852
2024-12-16,0.04857620235662757,0.033084411951169505,-2746.0,234.0,1,-0.011216851759859354,-259,-0.00108821043668079,22998.4,22891.85,57.0806100217865
2024-12-17,0.0061010906206151305,0.02042775419254544,1091.0,144.0,1,-0.003207909808358588,-74,0.0030440100039849714,22986.6,22900.9,66.47398843930635
2024-12-18,-0.0077442857833152955,-0.016549631494344068,1308.0,-94.0,0,0.007297717110151141,168,0.0032079098083585334,23038.0,22917.5,67.94392523364486
2024-12-19,-0.02574477864772189,-0.039215076455726625,5044.0,-358.0,0,0.004474084136682532,102,-0.011141691615822359,22986.4,22931.3,61.29848229342328
2024-12-20,-0.004715418798866067,-0.01571529265230973,-3885.0,-82.0,0,-0.005814738201963527,-132,-0.009409971818485375,22916.2,22911.15,45.366795366795365
2024-12-23,0.013117352268205741,0.014493494727753404,2040.0,269.0,1,0.014649419004868033,338,0.026463605912760087,22972.4,22919.95,52.715121136173764
2024-12-24,0.05018729004992413,0.030515066703756033,3617.0,188.0,1,-0.009175556377872231,-214,-0.001119290658849884,23009.4,22948.95,48.257372654155496
2024-12-25,-0.004979611717515557,0.010650782266501237,-3104.0,124.0,1,-0.0004714050099082223,-11,0.00485552570666975,23054.2,22998.05,51.689774696707104
2024-12-30,-0.007067051637673347,-0.010164861127246605,-823.0,-170.0,0,-0.001078074232792517,-25,-0.00837831707176806,23284.0,23117.95,51.93247445579742
2024-12-31,-0.006169003850552204,-0.019008531244016354,-2788.0,-179.0,0,0.0018679820371218872,43,-0.005885169956827522,23249.0,23114.4,54.4988344988345
2025-01-02,-0.01457739251199672,-0.009309989678654434,-2511.0,-106.0,0,-0.00406318142071997,-93,-0.008674291035179629,23151.6,23091.8,43.645083932853716
2025-01-03,0.02049832794287178,0.008312823840449153,-1492.0,93.0,1,0.0018295875464307582,42,0.00589276896715092,23081.8,23078.1,49.78561219628394
2025-01-06,0.034280170085770334,0.02791498100680966,3282.0,245.0,1,0.016527890061261808,387,0.027134279670510082,23129.2,23099.6,61.973392461197335
2025-01-07,0.05320648313918992,0.027974551143352143,7112.0,356.0,1,-0.008927695150135964,-213,0.006038742195382491,23244.2,23124.75,62.97229219143576
2025-01-08,-0.0398262716865267,-0.018606601657389806,2516.0,-203.0,0,-0.004212861823555607,-99,-0.012796242569170313,23326.0,23142.75,55.73661456601264
2025-01-09,-0.020548401208949636,-0.009619703252060513,-7106.0,-192.0,0,-0.006600114548621725,-153,-0.014821450570058715,23378.6,23155.6,54.1343669250646
2025-01-14,-0.034220956721924996,-0.0034661049885221762,-3548.0,59.0,1,0.006880761092222287,156,0.009495489254347816,22977.8,23119.6,42.320369149637436
2025-01-15,0.0004468744318074495,0.005148070457177987,925.0,64.0,1,-0.013325882233672875,-302,-0.010516645024926129,22790.2,23093.65,37.06869262424817
2025-01-16,0.02621092177244942,0.021123087043859443,3017.0,568.0,1,-0.002125307126027621,-49,0.022792634141837957,22775.4,23089.95,45.98639455782313
2025-01-17,0.037908598038534996,0.0018009837861935663,3206.0,246.0,1,-0.003744597312481647,-87,0.006880016753569095,22803.6,23107.0,47.59767687434002
2025-01-20,-0.015435674054096802,0.028032863109257455,4348.0,59.0,1,0.004163542874783293,97,0.006704511963031238,22965.8,23142.55,52.25393438250199
2025-02-03,0.005605304937033763,-0.002922385599328169,-2858.0,-1018.0,0,-0.0036220720724967903,-82,-0.047529249607493766,23239.4,23136.25,45.99450433312196
2025-02-04,-0.04654732315816686,-0.01831721094944841,-4364.0,321.0,1,-0.004241277864782037,-97,0.009863576225433409,23165.8,23111.05,40.89752486699052
2025-02-05,0.021048275028110176,0.010459179045606098,2425.0,255.0,1,0.0024237189964911943,56,0.013535186506445312,23123.2,23099.1,43.10843910042306
2025-02-06,0.021909621593906862,0.022827596486637083,2257.0,222.0,1,-0.002787010057821729,-65,0.006763914377316459,23108.2,23104.75,48.15922687528762
2025-02-07,0.009210873151478895,0.00021402869984095827,812.0,-5.0,0,0.006250555498955057,146,0.006035848037046098,23054.8,23124.25,53.93529695799131
2025-02-10,-0.021027177835971914,-0.01648237262934935,1134.0,-107.0,0,-0.003349799138393297,-78,-0.007926857711779383,23184.4,23144.45,52.30625146335753
2025-02-11,0.00883918857079399,0.01453255999630313,-1099.0,145.0,1,-0.0023969535937937037,-56,0.0038213051802626842,23287.0,23162.35,60.40041601664066
2025-02-12,0.003791784215615401,-0.0005313003429103147,-378.0,94.0,1,-0.004877641024218633,-114,-0.0008574491414947366,23323.4,23147.65,57.7376061353054
2025-02-13,-0.011370353035399298,0.002127634125721666,125.0,120.0,1,-0.0015373449669166923,-36,0.0035963561474684977,23345.2,23130.0,62.682299113525886
2025-02-14,-0.022293267672622078,0.012803716282651794,-250.0,-61.0,0,-0.006836237041375443,-159,-0.009446590065212649,23294.8,23116.45,52.31394621638524
2025-02-17,0.01020377267913941,0.0008819733299177199,-3843.0,107.0,1,0.009318297816697234,218,0.0139239230889813,23346.4,23136.4,54.66706302021403
2025-02-20,-0.008868340595179467,0.011713093695683114,5823.0,-104.0,0,0.0014029719793767245,33,-0.0030118588106056135,23495.8,23259.5,47.4293059125964
2025-02-21,-0.0042388028875459975,0.00017700811731888064,218.0,-5.0,0,0.008968290576262155,212,0.008755845545614713,23609.0,23321.15,75.84497521406038
2025-03-26,-0.0014363686175780756,-0.007029083511237629,-722.0,-1336.0,0,-0.0046517953007854775,-104,-0.06256111342085705,23369.2,23284.85,42.4745269286754
2025-03-27,-0.04176669279266369,-0.033285139623689695,-1136.0,-274.0,0,-0.0028637034048127953,-63,-0.015224019554612828,23033.0,23223.75,33.16960416064721
2025-03-28,-0.030786108691327318,-0.02095332971155924,-3398.0,-218.0,0,-0.006781563599853639,-147,-0.01675465509077584,22631.8,23136.6,27.01008449168711
2025-03-31,-0.01793207482588698,-0.029964872800584342,-283.0,-747.0,0,-0.0041801862672026,-87,-0.03937070357084144,22078.0,23006.8,19.486474094452078
2025-04-01,0.004528357778320676,-0.0033850188848544315,7384.0,231.0,1,0.008582115688438183,181,0.019643063047863115,21565.2,22880.95,27.50054478099804
2025-04-02,0.015778482323060648,0.002813035803515109,-72.0,92.0,1,0.0014561855216618871,31,0.005790295099769737,21365.0,22816.25,28.03374432186891
2025-04-07,-0.06959214016549399,-0.0790736693861884,5100.0,-2137.0,0,0.0,0,-0.10570479822331517,20804.8,22633.5,19.228486646884278
2025-04-08,-0.004300737244209459,0.026683399603517257,-866.0,-571.0,0,-0.022074511298307446,-406,-0.05231805775828497,20122.2,22386.35,15.878422638543157
2025-04-09,-0.033389772353358826,-0.03638097899927214,-4926.0,-344.0,0,-0.036637478556469816,-642,-0.055730077608540984,19409.2,22082.05,14.430289320157172
2025-04-10,0.11595004398038367,0.17172238625211647,2206.0,1698.0,1,0.0,0,0.0941258216513745,18953.4,21855.6,26.453131395824812
2025-04-11,-0.049190161017572204,-0.08305127695383516,5221.0,-342.0,0,0.05063575066684658,964,0.03237674145203661,18597.4,21669.5,29.876085471753342
2025-04-14,0.038614830722510256,0.02475960531303887,-898.0,276.0,1,-0.015729117133985962,-309,-0.0016916574583974962,18662.2,21477.3,29.896504588947465
2025-04-15,-0.007925523952965554,0.003082285056743603,-335.0,94.0,1,0.010816955379820902,213,0.015628101931111922,18983.8,21301.45,32.15308264936057
2025-04-16,0.0095156907332393,0.004652884726981716,1485.0,-259.0,0,-0.00956502201415985,-186,-0.0227334762794013,19413.6,21099.15,29.50727883538633
2025-04-17,-0.03663838355833123,-0.041818180983021,-6327.0,-110.0,0,0.00652649162168024,126,0.0008264036418877608,19507.0,20908.65,34.20146362462333
2025-04-18,0.0004615066247186667,-0.006424237406645304,-1145.0,11.0,1,-0.0025833132423805994,-50,-0.002015556639862593,19468.2,20699.95,35.334667556148545
2025-04-23,0.023659367248096988,0.021134900558339772,808.0,453.0,1,0.01566880834968616,304,0.03948258644902107,19229.8,20032.65,40.62031592297936
2025-04-24,0.04146656854767511,0.03886631880714316,-614.0,82.0,1,-0.00869526219150414,-170,-0.004510515079177645,19249.2,19818.7,39.36096318592267
2025-04-25,0.03957160551548077,0.05476637299422522,387.0,514.0,1,-0.005369746674260026,-107,0.020692672541845602,19357.8,19697.1,55.11001737116388
2025-04-28,0.005587934647655307,0.010265089989687008,3660.0,92.0,1,0.0,0,0.004618713969037123,19531.0,19596.95,64.73518180308815
2025-04-29,-0.01035023490881288,-0.003767958461930488,-1072.0,15.0,1,0.008671006637803293,174,0.009422039343025965,19802.4,19524.5,78.22426329889016
2025-04-30,0.006587802523304765,-0.009219327890967013,-596.0,-63.0,0,0.002882705773606229,58,-0.0002481204885815537,19921.4,19493.5,67.647891310501
2025-05-02,0.035536044288081145,0.004145047366789445,2636.0,339.0,1,0.009182622521408732,189,0.025867312049003704,20163.6,19468.3,66.76359406804303
2025-05-05,0.03727694068729629,0.034565537247988685,-183.0,80.0,1,-0.017152579124103635,-353,-0.013291011357952777,20269.8,19423.3,62.4082631149769
2025-05-06,-0.01619469293414671,-0.009338250221442242,-3246.0,-254.0,0,0.009237598724246277,187,-0.0032890729437419133,20344.2,19481.8,57.83658040127944
2025-05-07,-0.023633034218813367,-0.010379233942513747,-4998.0,103.0,1,-0.0028906710312612124,-59,0.002161207187304188,20389.6,19591.35,66.91902567478604
2025-05-08,0.013032827728284345,0.017283361861008328,514.0,94.0,1,0.004872116824000371,100,0.009473652258891015,20474.8,19759.9,68.75
2025-05-09,0.0038884458252434776,0.009999193897023202,623.0,74.0,1,0.00959112829815249,199,0.013181273819355774,20509.0,19857.2,72.0
2025-05-12,0.007391801790767833,0.008106215461064775,-3251.0,167.0,1,0.002423897957270119,51,0.010402346031860799,20641.4,19934.3,78.61507128309572
2025-05-13,0.057567554194610224,0.0680300208557574,-3476.0,355.0,1,-0.002851735178684991,-61,0.013859647677643958,20846.0,20027.75,87.3724117818606
2025-05-14,0.0368048988070477,0.030977679028034513,234.0,317.0,1,0.004189210868158682,91,0.018920987388951104,21123.4,20126.25,85.94155844155844
2025-05-15,0.0039614347758954145,0.005940099345935868,230.0,8.0,1,-0.003772721291084511,-82,-0.0034052768629193467,21347.2,20243.3,86.33398564905414
2025-05-16,-0.002776495247839752,-0.005717041776208958,-925.0,81.0,1,0.0021102861304253097,46,0.005837084250966002,21541.8,20365.9,84.96051687006461
2025-05-19,0.0,-0.002082320099227194,1.0,-139.0,0,-0.006663606332410878,-144,-0.013053991962302608,21636.2,20476.3,76.41921397379912
2025-05-20,-0.003714026171981335,-0.004985800552526671,-506.0,215.0,1,-0.009886433662347247,-214,4.64284885288625e-05,21672.0,20598.3,74.82968806023665
2025-05-21,-0.0002584446978165273,-0.0014159849208484835,-131.0,-67.0,0,0.009271343993522606,200,0.006155859387575911,21652.8,20742.05,76.10558793280768
2025-05-22,-0.008774481257695387,-0.018171422244131246,-1002.0,-207.0,0,0.0017687586067276378,38,-0.007828644499542348,21614.6,20839.5,66.14542611415169
2025-05-23,0.0228390094623661,-0.00568789039929806,-1810.0,55.0,1,-0.00409036546874701,-88,-0.001535848392561973,21544.4,20939.7,72.99396031061261
2025-05-26,-0.02169237244633859,-0.015423704791993183,539.0,-20.0,0,-0.003034903695154047,-65,-0.003966870211817687,21513.8,21015.3,72.43150684931507
2025-05-29,-0.007820744287210035,-0.005501513543302042,-1640.0,261.0,1,-0.009011804270903749,-193,0.003194590708946995,21332.0,21192.15,61.434108527131784
2025-06-02,-0.019617954425995954,-0.021297159992772374,-3810.0,-344.0,0,-0.005257886975566462,-110,-0.021524559251866138,21211.2,21201.6,45.65217391304348
2025-06-03,0.007831679970811242,0.015583914272850923,1621.0,168.0,1,-0.002999645148854404,-63,0.005019490903204619,21128.4,21229.95,40.786357176693514
2025-06-04,0.01411683231583369,0.026870541358131207,5923.0,309.0,1,0.009447710702411603,202,0.024074844226873112,21178.2,21287.2,43.54110207768744
2025-06-05,0.023950414862059254,0.013791295720056567,2305.0,107.0,1,-0.0016689077166454807,-36,0.0032996428218213724,21238.4,21345.8,46.81139755766622
2025-06-06,0.004633620670948542,-0.004466270425476342,67.0,46.0,1,-0.0009727401929680748,-21,0.0011592591314717423,21290.0,21395.95,44.23897581792318
2025-06-09,0.009008141157815763,0.005401583595685787,-1443.0,85.0,1,0.0029499906159498783,64,0.006881449623955686,21462.2,21439.9,54.78481012658228
2025-06-10,0.008831129540620535,0.019381994245523705,-46.0,152.0,1,0.010638398205055797,234,0.017609944122157422,21690.6,21492.25,62.16101694915255
2025-06-11,0.026035026065976387,0.020395390570800438,1456.0,183.0,1,0.002463772608311134,55,0.010705391912696843,21864.4,21541.8,63.77281947261663
2025-06-12,0.00768943903755431,-0.0019036161345677895,1401.0,-36.0,0,-0.0028272058681864565,-63,-0.004439170574911477,22004.2,21566.0,65.63674321503132
2025-06-13,0.009842648120535518,0.0031712724700637494,-3246.0,-298.0,0,-0.0006379004180406076,-14,-0.014120437365962588,22076.6,21578.3,58.78833208676141
2025-06-16,-0.02030401371589961,-0.026428429953581176,-3024.0,90.0,1,9.078117204720933e-05,2,0.004184487139214918,22137.6,21588.85,62.066393136889225
2025-06-17,0.021463774921441373,0.029880150043489883,964.0,118.0,1,0.0004062380159233619,9,0.005747792520768908,22146.8,21619.9,67.43222891566265
2025-06-18,-0.00828720226706489,-0.0083214876533386,-365.0,-445.0,0,0.009898348620136473,216,-0.010388172077271132,22062.6,21639.45,61.828332170272155
2025-06-19,-0.0018718119869770738,0.0052259746003044324,-3649.0,-110.0,0,-0.005330405048294114,-116,-0.010358987073166164,21953.0,21641.05,56.34920634920635
2025-06-24,0.003858801039169845,0.006277854484852545,-336.0,297.0,1,0.008644203017398312,189,0.022380746278859318,21743.8,21677.4,58.92923998502433
2025-06-25,0.04540625419036163,0.036981038073479106,304.0,179.0,1,0.0009481455436357134,21,0.009066656243213567,21789.6,21723.7,60.82142857142857
2025-06-26,0.01196867942846392,0.009406358945191096,-2323.0,2.0,1,-0.0019874436281260644,-44,-0.001897190920483597,21872.2,21766.95,59.56691515796947
2025-06-27,0.005685481214592815,0.008728864617216054,-2972.0,80.0,1,-0.0034297610226379843,-76,0.0001808400023012874,21965.8,21807.0,57.372754491017965
2025-06-30,0.02015186447488229,0.0006368627458974451,-3893.0,118.0,1,-0.004235766967530859,-94,0.0010843537862760793,22100.2,21870.95,50.69264069264069
2025-07-01,-0.009141692260930192,0.000279457326334397,680.0,52.0,1,0.00700339562817665,156,0.00934880286453863,22179.0,21940.05,50.0438596491228
2025-07-02,-0.008023710859829412,-0.007063517274051328,-516.0,-55.0,0,0.0043853831412670905,98,0.001921831246946618,22226.4,21985.75,53.23741007194244
2025-07-03,0.038933166679117795,0.018627033293768414,-2429.0,172.0,1,0.0047300223015051554,107,0.012380624514553362,22338.0,22041.85,66.77316293929712
2025-07-04,0.005123783832946739,0.006407868449871999,3789.0,64.0,1,-0.013459272553707527,-304,-0.010640756573253609,22400.8,22084.7,58.6147926464301
2025-07-09,-0.005732630405537146,0.017889273210334615,-4054.0,-1.0,0,0.008235656610782474,184,0.008190713800500952,22426.2,22126.2,67.18455743879473
2025-07-10,0.017316009436420116,0.004381285599230911,-1181.0,36.0,1,0.006255427332204803,141,0.007858848306410824,22413.4,22144.15,71.28888888888889
2025-07-11,-0.009012237154462746,0.007436036875144715,2343.0,-92.0,0,0.010820943428674835,245,0.006743827211434979,22479.2,22185.35,79.03733693207377
2025-07-14,0.0027816720946354473,-0.0021026221410877155,-1124.0,-94.0,0,-0.005263053655996117,-119,-0.009400929877435885,22522.2,22211.3,65.17948717948718
2025-07-15,-0.007536983714908002,-0.008740208933460069,-2381.0,-22.0,0,0.012395668101290882,281,0.011419625432855244,22634.0,22243.85,66.2020905923345
2025-07-16,0.03556922016099728,0.012650861300948939,4521.0,-106.0,0,0.009468771428851967,216,0.004810855550242166,22731.2,22293.35,69.3307655272027
2025-07-17,0.002571078327782264,-0.0039247104100609154,1956.0,38.0,1,0.008241924068287299,190,0.009898491865053493,22838.6,22365.55,72.31638418079096
2025-07-18,0.03328395940404329,0.007246965238855532,1179.0,202.0,1,-0.003775856198059293,-88,0.004912744205254665,22938.2,22446.0,73.35842743621916
2025-07-21,-0.021400004218046942,-0.0008753105405878516,4207.0,-28.0,0,-0.00025827558147959226,-6,-0.0014626804070436215,23073.6,22533.75,69.73387460532251
2025-07-22,-0.006468353004829579,0.0011854570696518628,1454.0,13.0,1,-0.010858621542785007,-251,-0.010299108734713246,23109.6,22585.3,62.31343283582089
2025-07-23,-0.017953832719378764,-0.017702837300919802,1962.0,16.0,1,0.007793596774391081,180,0.008489309473119495,23162.8,22636.65,60.97037355088021
2025-07-24,0.024131011797644528,-0.0001631573408487915,-3247.0,214.0,1,-0.0038535693159899662,-90,0.005333804799456177,23195.2,22696.3,69.76954360596476
2025-07-25,0.005270513115247699,0.0011664572705853873,-89.0,-46.0,0,-0.0011182315904387438,-26,-0.0030935832869956404,23190.4,22752.15,70.63129002744739
2025-07-28,0.01642066502936305,0.000263900045432669,513.0,130.0,1,0.0010265184819282245,24,0.006605213806697822,23223.2,22814.5,75.29933481152993
2025-07-29,-0.011672031023726659,0.016031364210485823,2438.0,-66.0,0,-0.007012440274069696,-163,-0.009837905572579611,23257.8,22855.0,65.84093872229465
2025-07-30,-0.00586683512539147,0.0004687578993023544,4103.0,50.0,1,0.006355498697648949,148,0.008511787268170293,23292.8,22903.25,66.14987080103359
2025-07-31,0.006525691777623759,0.008246655941372834,3045.0,136.0,1,0.003907748251020511,92,0.009712536414529842,23348.6,22948.95,67.2090112640801
2025-08-01,-0.00532478124482969,-0.0314894166791836,4187.0,-525.0,0,0.012067031444328677,280,-0.010440509897058787,23369.8,22994.4,66.32358995471387
2025-08-04,-0.026887434943792633,-0.014424361048939209,-5893.0,-236.0,0,0.006556269171499347,152,-0.003604844689911422,23343.4,23040.6,59.98225377107365
2025-08-05,0.01598477466727945,0.017360572165888696,457.0,186.0,1,0.0054869238698846586,129,0.013451681429002845,23425.8,23106.8,63.31842212281415
2025-08-06,-0.02770232294583856,-0.011214073104800673,3751.0,-152.0,0,8.538251371306468e-05,2,-0.006383000395035327,23438.6,23156.35,55.81688366232676
2025-08-07,-0.004743129040205794,-0.0020500632142718715,-1051.0,235.0,1,0.014142963984553765,337,0.024124994410308718,23520.2,23225.65,62.94469883761888
2025-08-08,0.047478301115949945,0.014914509406744552,1591.0,94.0,1,-0.005911757433865843,-142,-0.0020022532030230227,23641.2,23284.9,62.635821941815635
2025-08-11,-0.003261454643852496,0.007836129282671928,-2801.0,24.0,1,0.007852954036936633,189,0.0088545817656006,23821.6,23365.45,70.72135785007072
2025-08-12,0.001074618664096112,-0.0013481918422449915,2015.0,-7.0,0,-0.0008283288939137512,-20,-0.0011180819849158725,23933.6,23431.7,67.84505453177886
2025-08-13,0.009046434817759024,0.029491788916406126,273.0,163.0,1,0.0020145962204792187,49,0.008745569540573497,24118.0,23503.05,68.87513651255915
2025-08-14,-0.011734990921161287,0.008952819324658256,1732.0,-10.0,0,-0.0035812086764621495,-87,-0.00399202126953745,24168.6,23558.15,68.25396825396825
2025-08-15,-0.0018240765534718163,-0.0012089606497450683,-809.0,32.0,1,0.001234720492708421,30,0.002553438230999665,24241.2,23610.65,67.16417910447763
2025-08-18,-0.008835631979843191,-0.02281373581106476,172.0,-113.0,0,0.009336828754095892,227,0.0046780831344049,24294.0,23670.55,74.61988304093568
2025-08-19,0.010535422198164349,0.004088776864820951,4581.0,-46.0,0,-0.0015598706007602498,-38,-0.0034448852965316013,24335.4,23738.15,70.01223990208078
2025-08-20,-0.03674670162341076,-0.01830972576183023,-3007.0,-242.0,0,-0.018130167715547024,-433,-0.02812158067130295,24199.4,23762.2,51.345755693581786
2025-08-21,-0.017776290671902346,-0.00720030625158251,-2510.0,62.0,1,0.005170142451238876,123,0.007786398479797251,24119.8,23789.3,58.94996476391826
2025-08-22,-0.005571005290453803,-0.004906519250327681,4756.0,25.0,1,-0.005333122011171785,-127,-0.004285540780209196,24007.4,23814.9,58.57843137254902
2025-08-25,0.024592782142886342,0.026626670141778545,3652.0,370.0,1,0.005416481787683251,131,0.020875323166017676,23972.4,23857.85,61.11111111111111
2025-08-26,0.011097509834445051,0.00031967373190462146,1126.0,-108.0,0,0.004545838062064505,110,8.246742541365356e-05,23954.6,23912.35,64.3054595715273
2025-08-27,0.013198243552701104,0.00892761660730902,-1523.0,97.0,1,0.004629922432847952,113,0.008621450889365216,24113.8,23967.45,59.20221169036335
2025-08-28,0.0023849024152738105,0.0028695310765364133,2361.0,-105.0,0,-0.005351348546217996,-130,-0.009652782842746099,24189.0,23999.4,55.130562706877534
2025-08-29,-0.004271651108134415,0.004870838582928367,-1316.0,173.0,1,-0.0055067123619832155,-134,0.001608413585224491,24292.4,24045.55,52.062868369351676
2025-09-01,-0.03154979097786374,-0.0319607184579502,-222.0,-147.0,0,-0.004654263720918725,-112,-0.010730294565859213,24243.8,24082.95,47.713359740727405
2025-09-04,0.013049970139437482,-0.0022575149629219435,-355.0,198.0,1,-0.00260723966676657,-63,0.005609938043720853,24073.8,24137.8,46.559633027522935
2025-09-05,0.016374178405983885,0.013327996525294882,1285.0,231.0,1,0.002295929834749294,56,0.011822757224617397,24104.2,24161.3,49.874506991753314
2025-09-08,0.034268538980032764,0.01636888644899695,2199.0,169.0,1,-0.0015059324362515722,-37,0.005391068805378558,24212.8,24180.75,53.683468452590766
2025-09-09,0.015409997138421271,0.008332935652098734,-695.0,174.0,1,0.0031094175718048996,77,0.010171708472069232,24380.2,24214.1,73.51844177372566
2025-09-10,0.014976863318151326,0.0017576456865279156,3207.0,168.0,1,0.008295493052385567,208,0.015046302263486981,24616.4,24255.65,75.46082949308756
2025-09-11,0.03723833523826532,0.023478868573658045,979.0,208.0,1,-0.005767803292973055,-146,0.002459440328944878,24838.0,24305.15,79.05616224648986
2025-09-12,-0.005892019151785687,0.006240929687032664,1496.0,178.0,1,0.0016117306002865117,41,0.008639277387152899,25046.0,24362.5,76.46801051709028
2025-09-15,0.0016208305700902577,0.0010586028579909052,-2241.0,-55.0,0,-0.0020095757102734616,-51,-0.0041722488297103195,25206.4,24408.85,73.05113160100586
2025-09-16,0.007874039720059574,0.009632293537373772,-338.0,67.0,1,0.008188257076283368,209,0.010827456607136262,25371.8,24473.2,73.77650897226754
2025-09-17,0.0057478798734426255,0.0031946738405383046,652.0,-54.0,0,-0.00411402284632458,-105,-0.006223233846225647,25430.2,24563.35,76.13636363636364
2025-09-18,0.0027818378979109102,-0.0031302951111676267,-618.0,153.0,1,0.0033507395177828614,86,0.009339836158537108,25524.0,24656.2,77.98913043478261
2025-09-19,0.022016992863721396,0.03533083030227775,310.0,141.0,1,-0.0069486508504106315,-179,-0.001479175045875324,25566.4,24752.25,85.30785562632697
2025-09-22,-0.014133195938873798,-0.007339545509804373,949.0,85.0,1,0.005227808293303758,135,0.008533467865213293,25674.0,24834.25,88.03317535545024
2025-09-23,0.02887653117584714,0.01558178853847537,364.0,167.0,1,0.008216973102280804,215,0.014646377913779837,25802.8,24935.25,89.48646773074255
2025-09-24,0.03630605464031869,-0.003467258421747725,1039.0,103.0,1,-0.005283877497923284,-139,-0.0013711676115140089,25956.2,25023.95,87.81890046712181
2025-09-25,-0.007099577734789976,-0.001778623906696894,-3717.0,-46.0,0,-0.003595475109582891,-94,-0.005350263077993244,26033.8,25117.4,81.82852807283763
2025-09-26,-0.01453278211899302,-0.0019600072405110743,-1862.0,-153.0,0,-0.010656330860514618,-275,-0.016536327049011174,26033.4,25187.5,69.06548431105048
2025-09-30,-0.0004755229764567231,0.001594284222904549,-3340.0,131.0,1,0.005951248387466936,154,0.011041702170536523,26046.0,25284.8,69.42009440323667
2025-10-01,0.021936686742762834,0.008626031286735211,3189.0,140.0,1,-0.0018795916464015429,-49,0.0035000708821159763,26000.4,25388.8,66.16933979858263
2025-10-02,0.03234038817608039,0.020274035713382176,-419.0,414.0,1,-0.0010588013846023134,-28,0.014711752495947365,26039.2,25510.5,69.81697171381032
2025-10-03,-0.0012487725521520764,0.019213414536833964,-838.0,49.0,1,0.009957808914406023,265,0.01180997629011121,26168.8,25641.15,70.74193548387096
2025-10-07,0.03434631591668145,0.028497611879837913,2335.0,457.0,1,0.004401738454733814,120,0.021344698482082012,26499.4,25786.3,77.56930831699805
2025-10-08,-0.028068766648145997,-0.02077816041349239,-2849.0,-261.0,0,0.0011818149619416897,32,-0.008416846528524011,26727.2,25913.4,70.77185017026108
2025-10-09,0.03505487639283577,0.03341416431362825,-6704.0,347.0,1,-0.0038338705107219006,-105,0.008892540410191115,26985.2,26040.05,75.85250901025783
2025-10-13,-0.06623849380507439,-0.06533219844080906,1653.0,-885.0,0,0.01701881613366019,454,-0.01589295790899406,27079.8,26126.35,65.72782311134509
2025-10-14,0.07622578897323354,0.04811962117847053,-4309.0,365.0,1,-0.02041303028380371,-551,-0.006937478870348145,27074.4,26200.25,63.2632379022042
2025-10-15,-0.023213028254501607,-0.023040350828155844,5617.0,160.0,1,0.015138936991472288,410,0.021109549548724196,27067.6,26291.7,66.25552711193856
2025-10-16,0.029203809877887427,0.02950266099155312,5773.0,257.0,1,0.010006043712698956,277,0.01938002952103425,27213.4,26415.15,67.40840638345696
2025-10-17,-0.016111554923677947,0.004858823798690745,-364.0,-571.0,0,0.0028215999225273377,77,-0.017915257031219364,27212.0,26500.1,61.11677195842674
2025-10-20,-0.016002520702198708,-0.0032464366504352826,-3551.0,116.0,1,0.012276758027597224,339,0.016512505250082368,27387.8,26615.75,66.14324013787821
2025-10-21,0.008839863720666473,0.015670338689118882,335.0,117.0,1,-0.0024043217582374633,-67,0.0017980442128409534,27610.8,26721.95,72.33691164327003
2025-10-22,-0.010773258448936394,-0.006668454616646795,1969.0,-143.0,0,0.0005054699172503678,14,-0.004645559968961626,27694.0,26823.6,68.66467576791808
2025-10-23,-0.01930167024884887,-0.02392688106039744,-2813.0,-319.0,0,0.006224879495264724,171,-0.00535650936917144,27640.8,26906.85,65.92202318229715
2025-10-27,0.014444704477707437,0.018742839101656316,1788.0,728.0,1,-0.0020881637062686183,-59,0.02398781230477629,27820.2,27004.45,67.8400954653938
2025-10-28,0.011092361833181142,0.027013465928131995,96.0,8.0,1,-0.00821557034902695,-231,-0.007932173839992153,27864.0,27092.7,62.73040307879279
2025-10-29,0.010937384310807314,0.0037221455644271873,-3243.0,223.0,1,0.006603481099837892,187,0.014535654939829902,27979.8,27208.45,61.42557651991614
2025-10-30,0.011737300915978195,0.01834707058250158,3033.0,18.0,1,-0.001126205510742445,-32,-0.0004928709833975689,28118.6,27344.9,64.32491767288694
2025-10-31,-0.006148182028337673,-0.015392316151980218,-325.0,80.0,1,-0.0016517602026352987,-47,0.001161379004001543,28293.6,27468.75,62.6092959042798
2025-11-03,-0.009243875888341337,0.001752918982491465,1810.0,-51.0,0,-0.0014104374693622755,-40,-0.003205864893633193,28316.6,27583.5,67.92311532700948
2025-11-04,0.01463783231891958,0.005836035484828426,-4944.0,70.0,1,-0.010366820247950732,-293,-0.00789985864438854,28339.6,27667.8,67.30150878060846
2025-11-05,-0.0361027964202438,-0.04090245212064089,38.0,-407.0,0,0.0034225017646402527,95,-0.011158514978618438,28218.2,27720.8,56.82959048877147
2025-11-06,-0.001395219885954124,0.02974144079300552,-4246.0,205.0,1,0.0008564699688488261,24,0.008202198601338622,28145.4,27756.4,53.045977011494244
2025-11-07,-0.01509783729467015,-0.02419485941508347,2171.0,-257.0,0,-0.0016934805063330315,-47,-0.010903199613179268,28005.2,27788.25,56.10942249240122
2025-11-10,-0.009518194952987561,-0.010172154866178082,-903.0,47.0,1,0.008567435409476255,239,0.010260915915809347,27940.4,27822.3,53.732777955783405
2025-11-11,0.030151589412836678,0.02972222823582951,231.0,133.0,1,-0.013195492649824643,-369,-0.008459438217298294,27873.0,27866.1,49.1986694889628
2025-11-12,-0.013982789951805932,-0.02507797596371585,-941.0,109.0,1,0.005898878446106572,165,0.009814886971281874,27922.8,27932.9,55.06952491309385
2025-11-13,-0.0018907299930808097,0.0145687294799454,1566.0,-16.0,0,-0.002070763709009028,-58,-0.002641255060144528,27912.0,27967.5,56.27590290112492
2025-11-14,-0.02940045349364006,-0.0378999549449054,-1550.0,-470.0,0,-0.003970065858069275,-109,-0.020910460158921257,27846.2,27946.45,37.469586374695865
2025-11-17,0.009241252317144403,-0.0011063936589521925,-3081.0,169.0,1,-0.0033061484455848647,-91,0.0028425675117065216,27738.8,27954.0,41.67992363983455
2025-11-18,-0.009914851768329831,-0.0156044337727627,3069.0,-337.0,0,-0.012493906379677918,-337,-0.024833639310619434,27543.8,27905.1,26.416201937188134
2025-11-19,-0.01464520145683785,-0.023341654596828246,-3521.0,-4.0,0,-0.007715972059237107,-206,-0.007865209085220112,27252.0,27843.2,24.97918401332224
2025-11-20,0.015920968197230267,0.018002069060872747,4000.0,713.0,1,0.006351545353548861,174,0.032808016715301654,27152.4,27832.1,39.35382544312318
2025-11-21,-0.01739738738648278,-0.04884360909604831,6880.0,-732.0,0,-0.009918181837242983,-264,-0.03691495340481002,26969.4,27778.6,32.711674748228276
2025-11-24,-0.008831715897638507,0.008521484581000662,-9041.0,219.0,1,-0.003375847167012967,-90,0.004858675119948145,26796.6,27698.1,35.74411541381929
2025-11-25,0.034236049118939,0.0452828525109611,2022.0,440.0,1,-0.004519530549968564,-122,0.011877333920009368,26822.2,27644.65,41.73302995828593
2025-11-26,0.00014049797040098418,0.0016366805764010954,1482.0,255.0,1,0.00517270995813303,141,0.014596108897794812,26969.0,27590.5,43.52141150523801
2025-11-27,0.0183772163507679,0.02722140797888834,1047.0,189.0,1,0.0023593049182734703,65,0.009251231481373492,26989.2,27549.75,48.63661658319421
2025-12-02,-0.013225607247966833,-0.0006578702429390463,696.0,270.0,1,-0.004091614289753497,-113,0.00571274181678656,27524.2,27440.8,45.307443365695796
2025-12-03,0.015213242287098024,0.018199574973504495,669.0,247.0,1,-0.0017996621493335167,-50,0.007122356976208921,27610.0,27438.45,47.93526785714286
2025-12-04,0.011437742228851243,0.018162624373166982,-861.0,83.0,1,-0.001509705534767686,-42,0.0014759618929417995,27653.2,27426.7,54.11326994625878
2025-12-05,-0.008566044866599737,-0.008904227410690213,-215.0,-7.0,0,0.008027566044746847,224,0.007775726716906168,27707.6,27441.0,55.39481615430982
2025-12-08,0.006092101170607443,0.010870572387152245,2616.0,38.0,1,0.008235758300828334,232,0.009591207054811954,27884.0,27454.5,66.19287120052482
2025-12-09,0.023970666644524043,0.010958533935658802,-640.0,64.0,1,-0.004596083749093165,-130,-0.0023360361736401236,28015.8,27476.5,68.344998871077
2025-12-10,0.005088579647669959,-0.0003675751119470624,-3964.0,59.0,1,0.004199240427922594,119,0.006287773727498032,28143.8,27493.7,62.311827956989255
2025-12-11,0.02193889119056993,0.012800777049044747,2798.0,202.0,1,-0.017281332907366363,-490,-0.01019333523372539,28206.0,27500.2,76.95883134130146
2025-12-12,-0.014508047705642142,-0.007528816533228927,-2379.0,156.0,1,0.0009194102277844364,26,0.006453694255302878,28261.2,27544.75,77.35725938009789
2025-12-15,-0.04292906392789058,-0.05233577127866092,1976.0,-458.0,0,0.0026192584178537383,73,-0.013701525758228172,28185.4,27566.15,65.54916985951468
2025-12-16,-0.0148335477774807,-0.006155143445767264,-4654.0,-277.0,0,-0.00021717884763393475,-6,-0.010192593327824117,28066.2,27607.1,54.885723749585964
2025-12-17,-0.003028126221801221,-0.004583929227260605,-527.0,90.0,1,-0.0007941378607443436,-22,0.0024586027280877076,27925.0,27661.95,51.92375573596893
2025-12-18,-0.035156073872675636,-0.03854801283811523,5181.0,-192.0,0,0.003303627916144651,91,-0.0036539302271087074,27821.2,27667.4,47.241254958528664
2025-12-19,0.027492656127819304,0.024829149196180504,301.0,209.0,1,0.003375591239911363,94,0.010921979347832416,27741.6,27737.8,58.9546783625731
2025-12-22,0.014887988306788238,0.029322738882361445,4303.0,362.0,1,0.0030036950335575532,85,0.015897907518604194,27828.4,27824.1,62.88830138797092
2025-12-23,0.014874074919192515,0.010933381554506476,-1424.0,51.0,1,0.0007393715678786705,21,0.0025372674569669575,27986.2,27898.1,61.289210617028616
2025-12-24,0.012436035640754033,0.005438940982844625,411.0,152.0,1,-0.0032610439685343212,-93,0.002074361295817477,28142.2,27955.25,61.52792052072627
2025-12-26,0.006210596835238857,0.002756301966456892,957.0,123.0,1,0.002724036049186731,78,0.0070347652085747696,28358.6,28009.75,61.31588012400965
2025-12-29,0.013430188737407563,0.00045379090491260587,1008.0,76.0,1,0.006967219989269427,201,0.009614290602537885,28569.8,28070.05,61.40893470790378
2025-12-30,-0.006360107828257972,-0.004083183847852282,1303.0,-173.0,0,0.0036074824928844624,104,-0.0023862645550650264,28677.8,28143.9,61.34569172674218
